{
  "config4_cpu": {
    "time": 1.238844394683838,
    "std": 1.1237176656723022,
    "mean": -0.052977096289396286
  },
  "single_tt_block_0": {
    "cosine_sim": 0.3185644745826721,
    "max_diff": 4.8359375,
    "mean_diff": 0.8501681685447693,
    "std_a": 0.3688983917236328,
    "std_b": 1.1237176656723022,
    "time": 1.8894848823547363
  },
  "single_tt_block_14": {
    "cosine_sim": 0.258888304233551,
    "max_diff": 5.0234375,
    "mean_diff": 0.908683717250824,
    "std_a": 0.6398786902427673,
    "std_b": 1.1237176656723022,
    "time": 1.4950368404388428
  },
  "single_tt_block_29": {
    "cosine_sim": 0.16581988334655762,
    "max_diff": 5.2578125,
    "mean_diff": 1.0109816789627075,
    "std_a": 0.797029972076416,
    "std_b": 1.1237176656723022,
    "time": 1.2743511199951172
  }
}